epoch,loss,macro_f1,micro_f1,val_loss,val_macro_f1,val_micro_f1
0,0.04115337133407593,0.004908948205411434,0.06583023816347122,0.025763554498553276,0.009452738799154758,0.13930347561836243
