epoch,AUC_PR,accuracy,loss,val_AUC_PR,val_accuracy,val_loss
0,0.9671880602836609,0.8956910967826843,0.23701100051403046,0.9955167770385742,0.9672029614448547,0.11467131227254868
1,0.9811378717422485,0.9240614175796509,0.17605440318584442,0.9996828436851501,0.9931930899620056,0.05327729508280754
2,0.9827188849449158,0.9251279830932617,0.16882425546646118,0.991276741027832,0.9381188154220581,0.13857941329479218
3,0.9839956164360046,0.9323805570602417,0.162624329328537,0.998035728931427,0.9820544719696045,0.07921647280454636
4,0.9851064682006836,0.9325938820838928,0.15699100494384766,0.9974339604377747,0.9752475023269653,0.1396159529685974
5,0.9837425947189331,0.9276877045631409,0.16442567110061646,0.9995852112770081,0.9944307208061218,0.06858638674020767
6,0.9869475364685059,0.9330204725265503,0.14720115065574646,0.9996399879455566,0.9962871074676514,0.09069541096687317
